,nombre_equipo,nit,news_id,participacion,categoria,recomendacion
9243,DKR,900166896,news18525,Sector,sostenibilidad,1
9242,DKR,900166896,news18522,Sector,sostenibilidad,2
9244,DKR,900166896,news18526,Sector,sostenibilidad,3
9240,DKR,900166896,news18516,Sector,regulaciones,4
47877,DKR,890900161,news94980,Sector,sostenibilidad,1
40706,DKR,830012587,news77072,Sector,macroeconomia,1
70673,DKR,830012587,news98818,Sector,innovacion,2
40739,DKR,830012587,news77170,Sector,regulaciones,3
40717,DKR,830012587,news77106,Sector,alianzas,4
14478,DKR,830012587,news26981,Sector,otras,5
14483,DKR,830012587,news26995,Sector,otras,6
40723,DKR,830012587,news77121,Sector,otras,7
40726,DKR,830012587,news77134,Cliente,otras,8
71106,DKR,901488494,news98933,Sector,innovacion,1
13615,DKR,901488494,news25782,Sector,innovacion,2
34,DKR,901488494,news10064,Sector,innovacion,3
20901,DKR,901488494,news36967,Sector,innovacion,4
70954,DKR,901488494,news98908,Sector,innovacion,5
71030,DKR,901488494,news98920,Sector,innovacion,6
71049,DKR,901488494,news98922,Sector,innovacion,7
71087,DKR,901488494,news98929,Sector,innovacion,8
71011,DKR,901488494,news98914,Sector,regulaciones,9
71107,DKR,830096374,news98933,Sector,innovacion,1
13616,DKR,830096374,news25782,Sector,innovacion,2
35,DKR,830096374,news10064,Sector,innovacion,3
20902,DKR,830096374,news36967,Sector,innovacion,4
70955,DKR,830096374,news98908,Sector,innovacion,5
71031,DKR,830096374,news98920,Sector,innovacion,6
71050,DKR,830096374,news98922,Sector,innovacion,7
71088,DKR,830096374,news98929,Sector,innovacion,8
71012,DKR,830096374,news98914,Sector,regulaciones,9
71108,DKR,860510031,news98933,Sector,innovacion,1
13617,DKR,860510031,news25782,Sector,innovacion,2
36,DKR,860510031,news10064,Sector,innovacion,3
20903,DKR,860510031,news36967,Sector,innovacion,4
70956,DKR,860510031,news98908,Sector,innovacion,5
71032,DKR,860510031,news98920,Sector,innovacion,6
71051,DKR,860510031,news98922,Sector,innovacion,7
71089,DKR,860510031,news98929,Sector,innovacion,8
71013,DKR,860510031,news98914,Sector,regulaciones,9
71109,DKR,900843898,news98933,Sector,innovacion,1
13618,DKR,900843898,news25782,Sector,innovacion,2
37,DKR,900843898,news10064,Sector,innovacion,3
7456,DKR,900843898,news16996,Sector,innovacion,4
20904,DKR,900843898,news36967,Sector,innovacion,5
70957,DKR,900843898,news98908,Sector,innovacion,6
71033,DKR,900843898,news98920,Sector,innovacion,7
71052,DKR,900843898,news98922,Sector,innovacion,8
71090,DKR,900843898,news98929,Sector,innovacion,9
71014,DKR,900843898,news98914,Sector,regulaciones,10
7455,DKR,900843898,news16990,Sector,reputacion,11
71110,DKR,830013774,news98933,Sector,innovacion,1
13619,DKR,830013774,news25782,Sector,innovacion,2
38,DKR,830013774,news10064,Sector,innovacion,3
9432,DKR,830013774,news18758,Sector,innovacion,4
9442,DKR,830013774,news18772,Sector,innovacion,5
20905,DKR,830013774,news36967,Sector,innovacion,6
22140,DKR,830013774,news38195,Sector,innovacion,7
30156,DKR,830013774,news53070,Sector,innovacion,8
30166,DKR,830013774,news53085,Sector,innovacion,9
70958,DKR,830013774,news98908,Sector,innovacion,10
71034,DKR,830013774,news98920,Sector,innovacion,11
71053,DKR,830013774,news98922,Sector,innovacion,12
71091,DKR,830013774,news98929,Sector,innovacion,13
71015,DKR,830013774,news98914,Sector,regulaciones,14
30150,DKR,830013774,news53063,Sector,reputacion,15
71111,DKR,901521859,news98933,Sector,innovacion,1
13620,DKR,901521859,news25782,Sector,innovacion,2
39,DKR,901521859,news10064,Sector,innovacion,3
20906,DKR,901521859,news36967,Sector,innovacion,4
70959,DKR,901521859,news98908,Sector,innovacion,5
71035,DKR,901521859,news98920,Sector,innovacion,6
71054,DKR,901521859,news98922,Sector,innovacion,7
71092,DKR,901521859,news98929,Sector,innovacion,8
71016,DKR,901521859,news98914,Sector,regulaciones,9
71112,DKR,901520647,news98933,Sector,innovacion,1
13621,DKR,901520647,news25782,Sector,innovacion,2
40,DKR,901520647,news10064,Sector,innovacion,3
20907,DKR,901520647,news36967,Sector,innovacion,4
70960,DKR,901520647,news98908,Sector,innovacion,5
71036,DKR,901520647,news98920,Sector,innovacion,6
71055,DKR,901520647,news98922,Sector,innovacion,7
71093,DKR,901520647,news98929,Sector,innovacion,8
71017,DKR,901520647,news98914,Sector,regulaciones,9
71113,DKR,800241958,news98933,Sector,innovacion,1
13622,DKR,800241958,news25782,Sector,innovacion,2
41,DKR,800241958,news10064,Sector,innovacion,3
20908,DKR,800241958,news36967,Sector,innovacion,4
70961,DKR,800241958,news98908,Sector,innovacion,5
71037,DKR,800241958,news98920,Sector,innovacion,6
71056,DKR,800241958,news98922,Sector,innovacion,7
71094,DKR,800241958,news98929,Sector,innovacion,8
71018,DKR,800241958,news98914,Sector,regulaciones,9
71114,DKR,860002120,news98933,Sector,innovacion,1
13623,DKR,860002120,news25782,Sector,innovacion,2
42,DKR,860002120,news10064,Sector,innovacion,3
20909,DKR,860002120,news36967,Sector,innovacion,4
70962,DKR,860002120,news98908,Sector,innovacion,5
71038,DKR,860002120,news98920,Sector,innovacion,6
71057,DKR,860002120,news98922,Sector,innovacion,7
71095,DKR,860002120,news98929,Sector,innovacion,8
71019,DKR,860002120,news98914,Sector,regulaciones,9
14277,DKR,800057965,news26734,Sector,innovacion,1
71115,DKR,800057965,news98933,Sector,innovacion,2
13624,DKR,800057965,news25782,Sector,innovacion,3
14283,DKR,800057965,news26740,Sector,innovacion,4
43,DKR,800057965,news10064,Sector,innovacion,5
10226,DKR,800057965,news20060,Sector,innovacion,6
11860,DKR,800057965,news22549,Sector,innovacion,7
14265,DKR,800057965,news26698,Sector,innovacion,8
14279,DKR,800057965,news26738,Sector,innovacion,9
20910,DKR,800057965,news36967,Sector,innovacion,10
29690,DKR,800057965,news52216,Sector,innovacion,11
40436,DKR,800057965,news76428,Sector,innovacion,12
40535,DKR,800057965,news76707,Sector,innovacion,13
70963,DKR,800057965,news98908,Sector,innovacion,14
71039,DKR,800057965,news98920,Sector,innovacion,15
71058,DKR,800057965,news98922,Sector,innovacion,16
71096,DKR,800057965,news98929,Sector,innovacion,17
14284,DKR,800057965,news26744,Sector,regulaciones,18
40444,DKR,800057965,news76453,Sector,regulaciones,19
71020,DKR,800057965,news98914,Sector,regulaciones,20
71116,DKR,860002433,news98933,Sector,innovacion,1
13625,DKR,860002433,news25782,Sector,innovacion,2
44,DKR,860002433,news10064,Sector,innovacion,3
20911,DKR,860002433,news36967,Sector,innovacion,4
70964,DKR,860002433,news98908,Sector,innovacion,5
71040,DKR,860002433,news98920,Sector,innovacion,6
71059,DKR,860002433,news98922,Sector,innovacion,7
71097,DKR,860002433,news98929,Sector,innovacion,8
71021,DKR,860002433,news98914,Sector,regulaciones,9
71117,DKR,830055791,news98933,Sector,innovacion,1
13626,DKR,830055791,news25782,Sector,innovacion,2
45,DKR,830055791,news10064,Sector,innovacion,3
20912,DKR,830055791,news36967,Sector,innovacion,4
70965,DKR,830055791,news98908,Sector,innovacion,5
71041,DKR,830055791,news98920,Sector,innovacion,6
71060,DKR,830055791,news98922,Sector,innovacion,7
71098,DKR,830055791,news98929,Sector,innovacion,8
71022,DKR,830055791,news98914,Sector,regulaciones,9
71118,DKR,900091709,news98933,Sector,innovacion,1
36603,DKR,900091709,news66015,Sector,innovacion,2
13627,DKR,900091709,news25782,Sector,innovacion,3
46,DKR,900091709,news10064,Sector,innovacion,4
20913,DKR,900091709,news36967,Sector,innovacion,5
70966,DKR,900091709,news98908,Sector,innovacion,6
71042,DKR,900091709,news98920,Sector,innovacion,7
71061,DKR,900091709,news98922,Sector,innovacion,8
71099,DKR,900091709,news98929,Sector,innovacion,9
71023,DKR,900091709,news98914,Sector,regulaciones,10
71119,DKR,830089336,news98933,Sector,innovacion,1
13628,DKR,830089336,news25782,Sector,innovacion,2
47,DKR,830089336,news10064,Sector,innovacion,3
20914,DKR,830089336,news36967,Sector,innovacion,4
70967,DKR,830089336,news98908,Sector,innovacion,5
71043,DKR,830089336,news98920,Sector,innovacion,6
71062,DKR,830089336,news98922,Sector,innovacion,7
71100,DKR,830089336,news98929,Sector,innovacion,8
71024,DKR,830089336,news98914,Sector,regulaciones,9
31649,DKR,800103052,news56343,Sector,sostenibilidad,1
31673,DKR,800103052,news56415,Sector,sostenibilidad,2
31682,DKR,800103052,news56426,Sector,innovacion,3
31632,DKR,800103052,news56296,Sector,innovacion,4
71120,DKR,800103052,news98933,Sector,innovacion,5
13629,DKR,800103052,news25782,Sector,innovacion,6
48,DKR,800103052,news10064,Sector,innovacion,7
20915,DKR,800103052,news36967,Sector,innovacion,8
31670,DKR,800103052,news56414,Sector,innovacion,9
70968,DKR,800103052,news98908,Sector,innovacion,10
71044,DKR,800103052,news98920,Sector,innovacion,11
71063,DKR,800103052,news98922,Sector,innovacion,12
71101,DKR,800103052,news98929,Sector,innovacion,13
31662,DKR,800103052,news56374,Sector,regulaciones,14
31666,DKR,800103052,news56389,Sector,regulaciones,15
31668,DKR,800103052,news56391,Sector,regulaciones,16
71025,DKR,800103052,news98914,Sector,regulaciones,17
31665,DKR,800103052,news56388,Sector,reputacion,18
71121,DKR,900103457,news98933,Sector,innovacion,1
13630,DKR,900103457,news25782,Sector,innovacion,2
49,DKR,900103457,news10064,Sector,innovacion,3
20916,DKR,900103457,news36967,Sector,innovacion,4
70969,DKR,900103457,news98908,Sector,innovacion,5
71045,DKR,900103457,news98920,Sector,innovacion,6
71064,DKR,900103457,news98922,Sector,innovacion,7
71102,DKR,900103457,news98929,Sector,innovacion,8
71026,DKR,900103457,news98914,Sector,regulaciones,9
71122,DKR,830042244,news98933,Sector,innovacion,1
13631,DKR,830042244,news25782,Sector,innovacion,2
50,DKR,830042244,news10064,Sector,innovacion,3
20917,DKR,830042244,news36967,Sector,innovacion,4
70970,DKR,830042244,news98908,Sector,innovacion,5
71046,DKR,830042244,news98920,Sector,innovacion,6
71065,DKR,830042244,news98922,Sector,innovacion,7
71103,DKR,830042244,news98929,Sector,innovacion,8
71027,DKR,830042244,news98914,Sector,regulaciones,9
37434,DKR,830001637,news68151,Sector,sostenibilidad,1
71123,DKR,830001637,news98933,Sector,innovacion,2
13632,DKR,830001637,news25782,Sector,innovacion,3
51,DKR,830001637,news10064,Sector,innovacion,4
2429,DKR,830001637,news13240,Sector,innovacion,5
10273,DKR,830001637,news20143,Sector,innovacion,6
20918,DKR,830001637,news36967,Sector,innovacion,7
37428,DKR,830001637,news68130,Sector,innovacion,8
70971,DKR,830001637,news98908,Sector,innovacion,9
71047,DKR,830001637,news98920,Sector,innovacion,10
71066,DKR,830001637,news98922,Sector,innovacion,11
71104,DKR,830001637,news98929,Sector,innovacion,12
71028,DKR,830001637,news98914,Sector,regulaciones,13
71124,DKR,900211457,news98933,Sector,innovacion,1
13633,DKR,900211457,news25782,Sector,innovacion,2
52,DKR,900211457,news10064,Sector,innovacion,3
20919,DKR,900211457,news36967,Sector,innovacion,4
70972,DKR,900211457,news98908,Sector,innovacion,5
71048,DKR,900211457,news98920,Sector,innovacion,6
71067,DKR,900211457,news98922,Sector,innovacion,7
71105,DKR,900211457,news98929,Sector,innovacion,8
71029,DKR,900211457,news98914,Sector,regulaciones,9
52882,DKR,900091175,news96052,Sector,macroeconomia,1
17339,DKR,800136561,news31141,Sector,regulaciones,1
17340,DKR,900138413,news31141,Sector,regulaciones,1
17341,DKR,900626615,news31141,Sector,regulaciones,1
17342,DKR,800094968,news31141,Sector,regulaciones,1
17343,DKR,900491468,news31141,Sector,regulaciones,1
17344,DKR,800093117,news31141,Sector,regulaciones,1
17345,DKR,860524118,news31141,Sector,regulaciones,1
17346,DKR,801001885,news31141,Sector,regulaciones,1
17347,DKR,890302629,news31141,Sector,regulaciones,1
17348,DKR,900756608,news31141,Sector,regulaciones,1
17349,DKR,860048112,news31141,Sector,regulaciones,1
17350,DKR,900661920,news31141,Sector,regulaciones,1
17351,DKR,900938701,news31141,Sector,regulaciones,1
17352,DKR,890205645,news31141,Sector,regulaciones,1
17353,DKR,900172213,news31141,Sector,regulaciones,1
17354,DKR,890913356,news31141,Sector,regulaciones,1
17355,DKR,800046286,news31141,Sector,regulaciones,1
17356,DKR,900062553,news31141,Sector,regulaciones,1
17357,DKR,900719986,news31141,Sector,regulaciones,1
17358,DKR,860067697,news31141,Sector,regulaciones,1
17359,DKR,800185295,news31141,Sector,regulaciones,1
17360,DKR,890900836,news31141,Sector,regulaciones,1
17361,DKR,890703779,news31141,Sector,regulaciones,1
17362,DKR,890917007,news31141,Sector,regulaciones,1
17363,DKR,900085546,news31141,Sector,regulaciones,1
17364,DKR,901345377,news31141,Sector,regulaciones,1
17365,DKR,800086042,news31141,Sector,regulaciones,1
17366,DKR,860513493,news31141,Sector,regulaciones,1
17367,DKR,900146118,news31141,Sector,regulaciones,1
17368,DKR,900537884,news31141,Sector,regulaciones,1
17369,DKR,901352292,news31141,Sector,regulaciones,1
17370,DKR,901343108,news31141,Sector,regulaciones,1
15921,DKR,890911431,news29396,Sector,regulaciones,1
17371,DKR,890911431,news31141,Sector,regulaciones,2
17372,DKR,890942766,news31141,Sector,regulaciones,1
17373,DKR,900077235,news31141,Sector,regulaciones,1
17374,DKR,800180264,news31141,Sector,regulaciones,1
17375,DKR,830509112,news31141,Sector,regulaciones,1
17376,DKR,806016554,news31141,Sector,regulaciones,1
17377,DKR,800018771,news31141,Sector,regulaciones,1
17378,DKR,800096890,news31141,Sector,regulaciones,1
17379,DKR,811020804,news31141,Sector,regulaciones,1
17380,DKR,891101301,news31141,Sector,regulaciones,1
17381,DKR,800006608,news31141,Sector,regulaciones,1
17382,DKR,900088799,news31141,Sector,regulaciones,1
17383,DKR,830139876,news31141,Sector,regulaciones,1
17384,DKR,900580136,news31141,Sector,regulaciones,1
17385,DKR,810002455,news31141,Sector,regulaciones,1
17336,DKR,811032292,news31141,Sector,regulaciones,1
17338,DKR,900192711,news31141,Sector,regulaciones,1
17386,DKR,816001249,news31141,Sector,regulaciones,1
17387,DKR,811046293,news31141,Sector,regulaciones,1
17388,DKR,900735220,news31141,Sector,regulaciones,1
17389,DKR,800150443,news31141,Sector,regulaciones,1
17390,DKR,800235545,news31141,Sector,regulaciones,1
15923,DKR,860069879,news29396,Sector,regulaciones,1
17391,DKR,860069879,news31141,Sector,regulaciones,2
17392,DKR,830060858,news31141,Sector,regulaciones,1
17393,DKR,804001897,news31141,Sector,regulaciones,1
17394,DKR,830096878,news31141,Sector,regulaciones,1
17395,DKR,900180277,news31141,Sector,regulaciones,1
17396,DKR,805016128,news31141,Sector,regulaciones,1
17397,DKR,819002380,news31141,Sector,regulaciones,1
17398,DKR,800192961,news31141,Sector,regulaciones,1
17399,DKR,830138043,news31141,Sector,regulaciones,1
7475,DKR,830138043,news17030,Sector,otras,2
7588,DKR,830138043,news17048,Sector,otras,3
17400,DKR,890904041,news31141,Sector,regulaciones,1
17401,DKR,800051984,news31141,Sector,regulaciones,1
17402,DKR,900215626,news31141,Sector,regulaciones,1
17403,DKR,800240724,news31141,Sector,regulaciones,1
17404,DKR,900526489,news31141,Sector,regulaciones,1
17405,DKR,900417463,news31141,Sector,regulaciones,1
17406,DKR,800053720,news31141,Sector,regulaciones,1
45863,DKR,891702877,news92228,Sector,sostenibilidad,1
17407,DKR,891702877,news31141,Sector,regulaciones,2
17408,DKR,800182204,news31141,Sector,regulaciones,1
17409,DKR,860000531,news31141,Sector,regulaciones,1
17410,DKR,800109273,news31141,Sector,regulaciones,1
17411,DKR,900991209,news31141,Sector,regulaciones,1
17412,DKR,900397244,news31141,Sector,regulaciones,1
17413,DKR,901516285,news31141,Sector,regulaciones,1
17414,DKR,800210309,news31141,Sector,regulaciones,1
17415,DKR,830006084,news31141,Sector,regulaciones,1
17416,DKR,811037405,news31141,Sector,regulaciones,1
17417,DKR,900991217,news31141,Sector,regulaciones,1
17418,DKR,900325551,news31141,Sector,regulaciones,1
17419,DKR,900166862,news31141,Sector,regulaciones,1
17337,DKR,860037900,news31141,Sector,regulaciones,1
17420,DKR,900651888,news31141,Sector,regulaciones,1
17421,DKR,805029384,news31141,Sector,regulaciones,1
17422,DKR,900772924,news31141,Sector,regulaciones,1
17423,DKR,900566187,news31141,Sector,regulaciones,1
17424,DKR,807006174,news31141,Sector,regulaciones,1
17425,DKR,900329527,news31141,Sector,regulaciones,1
17426,DKR,900896331,news31141,Sector,regulaciones,1
17427,DKR,800239481,news31141,Sector,regulaciones,1
17428,DKR,805030849,news31141,Sector,regulaciones,1
17429,DKR,901513637,news31141,Sector,regulaciones,1
17430,DKR,800182895,news31141,Sector,regulaciones,1
17431,DKR,800200598,news31141,Sector,regulaciones,1
17432,DKR,890206740,news31141,Sector,regulaciones,1
17433,DKR,860058070,news31141,Sector,regulaciones,1
17434,DKR,900098143,news31141,Sector,regulaciones,1
17435,DKR,900082107,news31141,Sector,regulaciones,1
17436,DKR,900324986,news31141,Sector,regulaciones,1
17437,DKR,890909034,news31141,Sector,regulaciones,1
17438,DKR,900170199,news31141,Sector,regulaciones,1
17439,DKR,800161633,news31141,Sector,regulaciones,1
17440,DKR,900259154,news31141,Sector,regulaciones,1
17441,DKR,900986856,news31141,Sector,regulaciones,1
17442,DKR,901427695,news31141,Sector,regulaciones,1
17443,DKR,900436625,news31141,Sector,regulaciones,1
17444,DKR,900437196,news31141,Sector,regulaciones,1
17445,DKR,860074389,news31141,Sector,regulaciones,1
17446,DKR,900883552,news31141,Sector,regulaciones,1
46589,DKR,817000747,news94302,Sector,macroeconomia,1
46606,DKR,817000747,news94304,Sector,macroeconomia,2
63964,DKR,817000747,news97634,Sector,otras,3
33848,DKR,900973385,news60231,Sector,macroeconomia,1
33833,DKR,900973385,news60215,Sector,sostenibilidad,2
33846,DKR,900973385,news60229,Sector,innovacion,3
72489,DKR,900973385,news99094,Sector,innovacion,4
10230,DKR,900973385,news20060,Sector,innovacion,5
14281,DKR,900973385,news26738,Sector,innovacion,6
33828,DKR,900973385,news60210,Sector,innovacion,7
33861,DKR,900973385,news60263,Sector,innovacion,8
66029,DKR,891180010,news98258,Sector,macroeconomia,1
66081,DKR,891180010,news98271,Sector,macroeconomia,2
52646,DKR,891180010,news95982,Sector,regulaciones,3
52711,DKR,891180010,news95999,Sector,regulaciones,4
66042,DKR,891180010,news98259,Sector,otras,5
65456,DKR,890300431,news98043,Sector,innovacion,1
3448,DKR,900041914,news13757,Sector,sostenibilidad,1
52894,DKR,830129327,news96052,Sector,macroeconomia,1
66033,DKR,810000598,news98258,Sector,macroeconomia,1
66085,DKR,810000598,news98271,Sector,macroeconomia,2
52650,DKR,810000598,news95982,Sector,regulaciones,3
1084,DKR,810000598,news11239,Sector,regulaciones,4
52715,DKR,810000598,news95999,Sector,regulaciones,5
66046,DKR,810000598,news98259,Sector,otras,6
27573,DKR,860003831,news48526,Sector,macroeconomia,1
63955,DKR,860003831,news97634,Sector,otras,2
52855,DKR,900017447,news96052,Sector,macroeconomia,1
49367,DKR,830024104,news95598,Sector,sostenibilidad,1
49368,DKR,807005020,news95598,Sector,sostenibilidad,1
49369,DKR,900159283,news95598,Sector,sostenibilidad,1
49370,DKR,804006674,news95598,Sector,sostenibilidad,1
49371,DKR,900810661,news95598,Sector,sostenibilidad,1
64981,DKR,890914525,news97929,Sector,macroeconomia,1
64982,DKR,860069378,news97929,Sector,macroeconomia,1
64983,DKR,811000761,news97929,Sector,macroeconomia,1
63933,DKR,860031606,news97634,Sector,otras,1
47140,DKR,860005224,news94619,Sector,macroeconomia,1
27572,DKR,891300382,news48526,Sector,macroeconomia,1
63939,DKR,891300382,news97634,Sector,otras,2
47204,DKR,890903939,news94682,Sector,macroeconomia,1
47207,DKR,890903939,news94683,Sector,innovacion,2
63974,DKR,890907163,news97634,Sector,otras,1
72568,DKR,901212102,news99171,Sector,regulacion,1
52867,DKR,890301753,news96052,Sector,macroeconomia,1
66037,DKR,899999094,news98258,Sector,macroeconomia,1
66089,DKR,899999094,news98271,Sector,macroeconomia,2
52654,DKR,899999094,news95982,Sector,regulaciones,3
52719,DKR,899999094,news95999,Sector,regulaciones,4
66050,DKR,899999094,news98259,Sector,otras,5
13348,DKR,890301884,news25045,Sector,macroeconomia,1
46601,DKR,890301884,news94302,Sector,macroeconomia,2
47089,DKR,890301884,news94579,Sector,macroeconomia,3
63956,DKR,890301884,news97634,Sector,otras,4
52903,DKR,901383215,news96052,Sector,macroeconomia,1
25355,DKR,890102002,news44845,Sector,macroeconomia,1
23035,DKR,890102002,news39623,Sector,macroeconomia,2
61689,DKR,890102002,news97185,Sector,macroeconomia,3
5743,DKR,890102002,news15461,Sector,innovacion,4
5796,DKR,890102002,news15499,Sector,innovacion,5
7616,DKR,890102002,news17106,Sector,innovacion,6
72988,DKR,890102002,news99352,Sector,regulaciones,7
23045,DKR,890102002,news39632,Sector,regulaciones,8
23046,DKR,890102002,news39636,Sector,regulaciones,9
25345,DKR,890201578,news44845,Sector,macroeconomia,1
61679,DKR,890201578,news97185,Sector,macroeconomia,2
5736,DKR,890201578,news15461,Sector,innovacion,3
5789,DKR,890201578,news15499,Sector,innovacion,4
7618,DKR,890201578,news17106,Sector,innovacion,5
72974,DKR,890201578,news99352,Sector,regulaciones,6
65389,DKR,900579611,news98012,Sector,macroeconomia,1
65422,DKR,900579611,news98024,Sector,macroeconomia,2
65423,DKR,900579611,news98033,Sector,innovacion,3
65453,DKR,891401711,news98043,Sector,innovacion,1
65454,DKR,901301071,news98043,Sector,innovacion,1
65455,DKR,800022558,news98043,Sector,innovacion,1
65457,DKR,890209612,news98043,Sector,innovacion,1
65458,DKR,890910354,news98043,Sector,innovacion,1
65459,DKR,890900281,news98043,Sector,innovacion,1
65460,DKR,890801748,news98043,Sector,innovacion,1
65461,DKR,890900307,news98043,Sector,innovacion,1
64972,DKR,890100251,news97929,Sector,macroeconomia,1
64954,DKR,890100251,news97927,Sector,innovacion,2
65090,DKR,890100251,news97954,Sector,regulaciones,3
63916,DKR,860000006,news97634,Sector,otras,1
21820,DKR,860032463,news37934,Sector,macroeconomia,1
74622,DKR,860032463,news99932,Sector,regulaciones,2
72486,DKR,901495117,news99094,Sector,innovacion,1
15983,DKR,901495117,news29489,Sector,innovacion,2
42754,DKR,901495117,news83163,Sector,innovacion,3
42762,DKR,901495117,news83181,Sector,innovacion,4
42742,DKR,901495117,news83130,Sector,regulaciones,5
72490,DKR,901339011,news99094,Sector,innovacion,1
6480,DKR,901339011,news15840,Cliente,regulaciones,2
17461,DKR,901339011,news31167,Cliente,regulaciones,3
20188,DKR,901339011,news35397,Sector,regulaciones,4
26632,DKR,901339011,news46896,Sector,regulaciones,5
19051,DKR,901339011,news33872,Sector,alianzas,6
34688,DKR,890101279,news61798,Sector,regulaciones,1
34710,DKR,890101279,news61852,Sector,regulaciones,2
72492,DKR,900179369,news99094,Sector,innovacion,1
52885,DKR,900074364,news96052,Sector,macroeconomia,1
52851,DKR,900943243,news96052,Sector,macroeconomia,1
16211,DKR,890900076,news29834,Sector,macroeconomia,1
38840,DKR,890900076,news72193,Sector,innovacion,2
16205,DKR,890900076,news29814,Sector,regulaciones,3
42890,DKR,890900076,news83477,Sector,otras,4
13773,DKR,890900076,news26156,Sector,otras,5
16215,DKR,890900076,news29858,Sector,otras,6
27985,DKR,890900076,news49512,Sector,otras,7
15963,DKR,890900076,news29452,Cliente,otras,8
16202,DKR,890900076,news29812,Sector,otras,9
16212,DKR,890900076,news29837,Cliente,otras,10
42873,DKR,890900076,news83440,Sector,otras,11
42874,DKR,890900076,news83442,Sector,otras,12
42903,DKR,890900076,news83525,Sector,otras,13
63970,DKR,890922549,news97634,Sector,otras,1
63971,DKR,890936071,news97634,Sector,otras,1
63977,DKR,860026895,news97634,Sector,otras,1
66030,DKR,890000439,news98258,Sector,macroeconomia,1
66082,DKR,890000439,news98271,Sector,macroeconomia,2
52647,DKR,890000439,news95982,Sector,regulaciones,3
1318,DKR,890000439,news11372,Sector,regulaciones,4
52712,DKR,890000439,news95999,Sector,regulaciones,5
66043,DKR,890000439,news98259,Sector,otras,6
46596,DKR,890302594,news94302,Sector,macroeconomia,1
63948,DKR,890302594,news97634,Sector,otras,2
46597,DKR,891501133,news94302,Sector,macroeconomia,1
63949,DKR,891501133,news97634,Sector,otras,2
31241,DKR,899999068,news55564,Sector,macroeconomia,1
10310,DKR,899999068,news20231,Sector,macroeconomia,2
74620,DKR,899999068,news99932,Sector,regulaciones,3
5558,DKR,899999068,news15262,Sector,otras,4
46595,DKR,891900196,news94302,Sector,macroeconomia,1
63947,DKR,891900196,news97634,Sector,otras,2
72488,DKR,800091140,news99094,Sector,innovacion,1
6157,DKR,800091140,news15607,Sector,innovacion,2
17067,DKR,800091140,news30722,Sector,innovacion,3
43431,DKR,800091140,news85200,Sector,innovacion,4
43418,DKR,800091140,news85166,Sector,regulaciones,5
17058,DKR,800091140,news30691,Sector,otras,6
17068,DKR,800091140,news30732,Sector,otras,7
15870,DKR,800091140,news29296,Sector,alianza,8
52860,DKR,830513729,news96052,Sector,macroeconomia,1
25344,DKR,891180008,news44845,Sector,macroeconomia,1
61678,DKR,891180008,news97185,Sector,macroeconomia,2
5735,DKR,891180008,news15461,Sector,innovacion,3
5788,DKR,891180008,news15499,Sector,innovacion,4
7617,DKR,891180008,news17106,Sector,innovacion,5
72973,DKR,891180008,news99352,Sector,regulaciones,6
42908,DKR,900780755,news83537,Sector,regulaciones,1
42933,DKR,900780755,news83614,Sector,regulaciones,2
40211,DKR,900780755,news76053,Sector,regulacion,3
40277,DKR,900780755,news76071,Sector,regulacion,4
40220,DKR,900780755,news76063,Sector,regulacion,5
1582,DKR,900780755,news11782,Sector,regulacion,6
66031,DKR,800252396,news98258,Sector,macroeconomia,1
66083,DKR,800252396,news98271,Sector,macroeconomia,2
1086,DKR,800252396,news11245,Sector,macroeconomia,3
52648,DKR,800252396,news95982,Sector,regulaciones,4
1083,DKR,800252396,news11239,Sector,regulaciones,5
1089,DKR,800252396,news11252,Sector,regulaciones,6
52713,DKR,800252396,news95999,Sector,regulaciones,7
66044,DKR,800252396,news98259,Sector,otras,8
41556,DKR,800065396,news79812,Sector,regulacion,1
61413,DKR,800130907,news97110,Sector,macroeconomia,1
72995,DKR,800130907,news99352,Sector,regulaciones,2
26904,DKR,860040094,news47550,Sector,regulacion,1
24035,DKR,830008804,news41771,Sector,regulaciones,1
40962,DKR,830008804,news77807,Sector,alianza,2
2473,DKR,811010832,news13341,Sector,regulaciones,1
1936,DKR,811010832,news12564,Sector,regulacion,2
1734,DKR,901261048,news12131,Sector,sostenibilidad,1
72483,DKR,800169499,news99094,Sector,innovacion,1
64968,DKR,860032550,news97929,Sector,macroeconomia,1
64950,DKR,860032550,news97927,Sector,innovacion,2
65086,DKR,860032550,news97954,Sector,regulaciones,3
74618,DKR,900493698,news99932,Sector,regulaciones,1
3504,DKR,830029703,news13835,Sector,macroeconomia,1
14681,DKR,830029703,news27399,Sector,macroeconomia,2
70676,DKR,830029703,news98818,Sector,innovacion,3
27406,DKR,830029703,news48182,Sector,innovacion,4
20490,DKR,830029703,news35959,Sector,otras,5
61414,DKR,900156264,news97110,Sector,macroeconomia,1
72996,DKR,900156264,news99352,Sector,regulaciones,2
27363,DKR,900156264,news48098,Sector,regulaciones,3
47815,DKR,860000794,news94925,Sector,otras,1
47816,DKR,890916269,news94925,Sector,otras,1
28484,DKR,890206351,news50197,Sector,macroeconomia,1
33309,DKR,890206351,news59304,Sector,regulaciones,2
21634,DKR,901356544,news37580,Sector,innovacion,1
1401,DKR,816002020,news11480,Sector,macroeconomia,1
66032,DKR,816002020,news98258,Sector,macroeconomia,2
66084,DKR,816002020,news98271,Sector,macroeconomia,3
1399,DKR,816002020,news11476,Sector,macroeconomia,4
52649,DKR,816002020,news95982,Sector,regulaciones,5
1402,DKR,816002020,news11482,Sector,regulaciones,6
52714,DKR,816002020,news95999,Sector,regulaciones,7
66045,DKR,816002020,news98259,Sector,otras,8
39568,DKR,830041054,news74310,Sector,reputacion,1
39569,DKR,860045379,news74310,Sector,reputacion,1
66038,DKR,900256736,news98258,Sector,macroeconomia,1
66090,DKR,900256736,news98271,Sector,macroeconomia,2
52655,DKR,900256736,news95982,Sector,regulaciones,3
52720,DKR,900256736,news95999,Sector,regulaciones,4
66051,DKR,900256736,news98259,Sector,otras,5
63960,DKR,901564490,news97634,Sector,otras,1
34320,DKR,900800803,news61222,Sector,sostenibilidad,1
48796,DKR,890908649,news95365,Sector,regulaciones,1
61415,DKR,806008394,news97110,Sector,macroeconomia,1
72997,DKR,806008394,news99352,Sector,regulaciones,2
52896,DKR,900433078,news96052,Sector,macroeconomia,1
47271,DKR,890900043,news94710,Sector,regulaciones,1
47273,DKR,890900043,news94712,Sector,regulaciones,2
45456,DKR,890900043,news91129,Sector,regulacion,3
66026,DKR,890399032,news98258,Sector,macroeconomia,1
66078,DKR,890399032,news98271,Sector,macroeconomia,2
52643,DKR,890399032,news95982,Sector,regulaciones,3
52708,DKR,890399032,news95999,Sector,regulaciones,4
66039,DKR,890399032,news98259,Sector,otras,5
66027,DKR,890803239,news98258,Sector,macroeconomia,1
66079,DKR,890803239,news98271,Sector,macroeconomia,2
52644,DKR,890803239,news95982,Sector,regulaciones,3
52709,DKR,890803239,news95999,Sector,regulaciones,4
66040,DKR,890803239,news98259,Sector,otras,5
66028,DKR,800135913,news98258,Sector,macroeconomia,1
66080,DKR,800135913,news98271,Sector,macroeconomia,2
52645,DKR,800135913,news95982,Sector,regulaciones,3
52710,DKR,800135913,news95999,Sector,regulaciones,4
66041,DKR,800135913,news98259,Sector,otras,5
66034,DKR,890200162,news98258,Sector,macroeconomia,1
66086,DKR,890200162,news98271,Sector,macroeconomia,2
52651,DKR,890200162,news95982,Sector,regulaciones,3
1749,DKR,890200162,news12173,Sector,regulaciones,4
52716,DKR,890200162,news95999,Sector,regulaciones,5
1743,DKR,890200162,news12160,Sector,otras,6
66047,DKR,890200162,news98259,Sector,otras,7
66035,DKR,901352888,news98258,Sector,macroeconomia,1
66087,DKR,901352888,news98271,Sector,macroeconomia,2
52652,DKR,901352888,news95982,Sector,regulaciones,3
52717,DKR,901352888,news95999,Sector,regulaciones,4
66048,DKR,901352888,news98259,Sector,otras,5
66036,DKR,900080956,news98258,Sector,macroeconomia,1
66088,DKR,900080956,news98271,Sector,macroeconomia,2
52653,DKR,900080956,news95982,Sector,regulaciones,3
52718,DKR,900080956,news95999,Sector,regulaciones,4
66049,DKR,900080956,news98259,Sector,otras,5
64976,DKR,900830748,news97929,Sector,macroeconomia,1
64958,DKR,900830748,news97927,Sector,innovacion,2
65094,DKR,900830748,news97954,Sector,regulaciones,3
72495,DKR,800071444,news99094,Sector,innovacion,1
13797,DKR,800071444,news26178,Sector,innovacion,2
34250,DKR,800071444,news61126,Sector,innovacion,3
63973,DKR,890900291,news97634,Sector,otras,1
63924,DKR,890110964,news97634,Sector,otras,1
48613,DKR,805031788,news95289,Sector,regulaciones,1
52875,DKR,860007887,news96052,Sector,macroeconomia,1
63945,DKR,860007538,news97634,Sector,otras,1
19920,DKR,890106527,news34987,Sector,innovacion,1
42703,DKR,890106527,news83051,Sector,innovacion,2
48961,DKR,890106527,news95400,Sector,innovacion,3
64704,DKR,890106527,news97872,Sector,innovacion,4
64684,DKR,890106527,news97870,Sector,regulaciones,5
20398,DKR,890106527,news35775,Sector,regulaciones,6
22643,DKR,890106527,news38741,Sector,regulaciones,7
42679,DKR,890106527,news83002,Sector,alianzas,8
47883,DKR,891400754,news94980,Sector,sostenibilidad,1
46593,DKR,860002130,news94302,Sector,macroeconomia,1
46610,DKR,860002130,news94304,Sector,macroeconomia,2
63968,DKR,860002130,news97634,Sector,otras,3
47882,DKR,891400378,news94980,Sector,sostenibilidad,1
6532,DKR,890312652,news15943,Sector,regulaciones,1
46592,DKR,890900535,news94302,Sector,macroeconomia,1
46609,DKR,890900535,news94304,Sector,macroeconomia,2
63967,DKR,890900535,news97634,Sector,otras,3
63937,DKR,890106814,news97634,Sector,otras,1
52849,DKR,900119072,news96052,Sector,macroeconomia,1
52886,DKR,890926803,news96052,Sector,macroeconomia,1
63938,DKR,811022981,news97634,Sector,otras,1
48615,DKR,860001942,news95289,Sector,regulaciones,1
26905,DKR,860001942,news47550,Sector,regulacion,2
48618,DKR,830074222,news95289,Sector,regulaciones,1
46591,DKR,860074450,news94302,Sector,macroeconomia,1
46608,DKR,860074450,news94304,Sector,macroeconomia,2
63966,DKR,860074450,news97634,Sector,otras,3
72565,DKR,900249143,news99171,Sector,regulacion,1
63925,DKR,890101897,news97634,Sector,otras,1
19917,DKR,901232631,news34987,Sector,innovacion,1
42700,DKR,901232631,news83051,Sector,innovacion,2
48958,DKR,901232631,news95400,Sector,innovacion,3
64701,DKR,901232631,news97872,Sector,innovacion,4
64681,DKR,901232631,news97870,Sector,regulaciones,5
20395,DKR,901232631,news35775,Sector,regulaciones,6
22640,DKR,901232631,news38741,Sector,regulaciones,7
42676,DKR,901232631,news83002,Sector,alianzas,8
19918,DKR,860074358,news34987,Sector,innovacion,1
40773,DKR,860074358,news77262,Sector,innovacion,2
42701,DKR,860074358,news83051,Sector,innovacion,3
48959,DKR,860074358,news95400,Sector,innovacion,4
64702,DKR,860074358,news97872,Sector,innovacion,5
64682,DKR,860074358,news97870,Sector,regulaciones,6
20396,DKR,860074358,news35775,Sector,regulaciones,7
22641,DKR,860074358,news38741,Sector,regulaciones,8
42677,DKR,860074358,news83002,Sector,alianzas,9
19919,DKR,830010337,news34987,Sector,innovacion,1
42702,DKR,830010337,news83051,Sector,innovacion,2
48960,DKR,830010337,news95400,Sector,innovacion,3
64703,DKR,830010337,news97872,Sector,innovacion,4
64683,DKR,830010337,news97870,Sector,regulaciones,5
20397,DKR,830010337,news35775,Sector,regulaciones,6
22642,DKR,830010337,news38741,Sector,regulaciones,7
42678,DKR,830010337,news83002,Sector,alianzas,8
19921,DKR,900226948,news34987,Sector,innovacion,1
42704,DKR,900226948,news83051,Sector,innovacion,2
48962,DKR,900226948,news95400,Sector,innovacion,3
64705,DKR,900226948,news97872,Sector,innovacion,4
64685,DKR,900226948,news97870,Sector,regulaciones,5
20399,DKR,900226948,news35775,Sector,regulaciones,6
22644,DKR,900226948,news38741,Sector,regulaciones,7
42680,DKR,900226948,news83002,Sector,alianzas,8
19922,DKR,805009691,news34987,Sector,innovacion,1
42705,DKR,805009691,news83051,Sector,innovacion,2
48963,DKR,805009691,news95400,Sector,innovacion,3
64706,DKR,805009691,news97872,Sector,innovacion,4
64686,DKR,805009691,news97870,Sector,regulaciones,5
20400,DKR,805009691,news35775,Sector,regulaciones,6
22645,DKR,805009691,news38741,Sector,regulaciones,7
42681,DKR,805009691,news83002,Sector,alianzas,8
19923,DKR,890318919,news34987,Sector,innovacion,1
42706,DKR,890318919,news83051,Sector,innovacion,2
48964,DKR,890318919,news95400,Sector,innovacion,3
64707,DKR,890318919,news97872,Sector,innovacion,4
64687,DKR,890318919,news97870,Sector,regulaciones,5
20401,DKR,890318919,news35775,Sector,regulaciones,6
22646,DKR,890318919,news38741,Sector,regulaciones,7
42682,DKR,890318919,news83002,Sector,alianzas,8
19924,DKR,890203194,news34987,Sector,innovacion,1
42707,DKR,890203194,news83051,Sector,innovacion,2
48965,DKR,890203194,news95400,Sector,innovacion,3
64708,DKR,890203194,news97872,Sector,innovacion,4
64688,DKR,890203194,news97870,Sector,regulaciones,5
20402,DKR,890203194,news35775,Sector,regulaciones,6
22647,DKR,890203194,news38741,Sector,regulaciones,7
42683,DKR,890203194,news83002,Sector,alianzas,8
19925,DKR,800133807,news34987,Sector,innovacion,1
42708,DKR,800133807,news83051,Sector,innovacion,2
48966,DKR,800133807,news95400,Sector,innovacion,3
64709,DKR,800133807,news97872,Sector,innovacion,4
64689,DKR,800133807,news97870,Sector,regulaciones,5
20403,DKR,800133807,news35775,Sector,regulaciones,6
22648,DKR,800133807,news38741,Sector,regulaciones,7
42684,DKR,800133807,news83002,Sector,alianzas,8
19926,DKR,805019723,news34987,Sector,innovacion,1
42709,DKR,805019723,news83051,Sector,innovacion,2
48967,DKR,805019723,news95400,Sector,innovacion,3
64710,DKR,805019723,news97872,Sector,innovacion,4
64690,DKR,805019723,news97870,Sector,regulaciones,5
20404,DKR,805019723,news35775,Sector,regulaciones,6
22649,DKR,805019723,news38741,Sector,regulaciones,7
42685,DKR,805019723,news83002,Sector,alianzas,8
48616,DKR,800087795,news95289,Sector,regulaciones,1
29413,DKR,830000602,news51614,Sector,innovacion,1
48614,DKR,860006333,news95289,Sector,regulaciones,1
34315,DKR,900601327,news61222,Sector,sostenibilidad,1
63919,DKR,800245795,news97634,Sector,otras,1
63930,DKR,890400372,news97634,Sector,otras,1
64967,DKR,860000762,news97929,Sector,macroeconomia,1
64949,DKR,860000762,news97927,Sector,innovacion,2
65085,DKR,860000762,news97954,Sector,regulaciones,3
34318,DKR,860029995,news61222,Sector,sostenibilidad,1
25352,DKR,890000381,news44845,Sector,macroeconomia,1
61686,DKR,890000381,news97185,Sector,macroeconomia,2
5742,DKR,890000381,news15461,Sector,innovacion,3
5795,DKR,890000381,news15499,Sector,innovacion,4
7624,DKR,890000381,news17106,Sector,innovacion,5
72984,DKR,890000381,news99352,Sector,regulaciones,6
25351,DKR,890480023,news44845,Sector,macroeconomia,1
61685,DKR,890480023,news97185,Sector,macroeconomia,2
5741,DKR,890480023,news15461,Sector,innovacion,3
5794,DKR,890480023,news15499,Sector,innovacion,4
7615,DKR,890480023,news17106,Sector,innovacion,5
72983,DKR,890480023,news99352,Sector,regulaciones,6
25348,DKR,890700148,news44845,Sector,macroeconomia,1
61682,DKR,890700148,news97185,Sector,macroeconomia,2
5739,DKR,890700148,news15461,Sector,innovacion,3
5792,DKR,890700148,news15499,Sector,innovacion,4
7621,DKR,890700148,news17106,Sector,innovacion,5
72978,DKR,890700148,news99352,Sector,regulaciones,6
25346,DKR,800231969,news44845,Sector,macroeconomia,1
61680,DKR,800231969,news97185,Sector,macroeconomia,2
5737,DKR,800231969,news15461,Sector,innovacion,3
5790,DKR,800231969,news15499,Sector,innovacion,4
7619,DKR,800231969,news17106,Sector,innovacion,5
72975,DKR,800231969,news99352,Sector,regulaciones,6
25347,DKR,890200106,news44845,Sector,macroeconomia,1
61681,DKR,890200106,news97185,Sector,macroeconomia,2
5738,DKR,890200106,news15461,Sector,innovacion,3
5791,DKR,890200106,news15499,Sector,innovacion,4
7620,DKR,890200106,news17106,Sector,innovacion,5
72977,DKR,890200106,news99352,Sector,regulaciones,6
25349,DKR,890806490,news44845,Sector,macroeconomia,1
61683,DKR,890806490,news97185,Sector,macroeconomia,2
5740,DKR,890806490,news15461,Sector,innovacion,3
5793,DKR,890806490,news15499,Sector,innovacion,4
7622,DKR,890806490,news17106,Sector,innovacion,5
72979,DKR,890806490,news99352,Sector,regulaciones,6
25350,DKR,890900842,news44845,Sector,macroeconomia,1
61684,DKR,890900842,news97185,Sector,macroeconomia,2
5731,DKR,890900842,news15461,Sector,innovacion,3
5784,DKR,890900842,news15499,Sector,innovacion,4
7623,DKR,890900842,news17106,Sector,innovacion,5
72982,DKR,890900842,news99352,Sector,regulaciones,6
25353,DKR,890900841,news44845,Sector,macroeconomia,1
7152,DKR,890900841,news16672,Sector,macroeconomia,2
61687,DKR,890900841,news97185,Sector,macroeconomia,3
5732,DKR,890900841,news15461,Sector,innovacion,4
5785,DKR,890900841,news15499,Sector,innovacion,5
7625,DKR,890900841,news17106,Sector,innovacion,6
72985,DKR,890900841,news99352,Sector,regulaciones,7
25354,DKR,860013570,news44845,Sector,macroeconomia,1
61688,DKR,860013570,news97185,Sector,macroeconomia,2
5733,DKR,860013570,news15461,Sector,innovacion,3
5786,DKR,860013570,news15499,Sector,innovacion,4
7614,DKR,860013570,news17106,Sector,innovacion,5
72986,DKR,860013570,news99352,Sector,regulaciones,6
25356,DKR,860007379,news44845,Sector,macroeconomia,1
61690,DKR,860007379,news97185,Sector,macroeconomia,2
5744,DKR,860007379,news15461,Sector,innovacion,3
5797,DKR,860007379,news15499,Sector,innovacion,4
7626,DKR,860007379,news17106,Sector,innovacion,5
72990,DKR,860007379,news99352,Sector,regulaciones,6
25357,DKR,860066942,news44845,Sector,macroeconomia,1
10430,DKR,860066942,news20388,Sector,macroeconomia,2
61691,DKR,860066942,news97185,Sector,macroeconomia,3
5745,DKR,860066942,news15461,Sector,innovacion,4
5798,DKR,860066942,news15499,Sector,innovacion,5
7627,DKR,860066942,news17106,Sector,innovacion,6
72991,DKR,860066942,news99352,Sector,regulaciones,7
25358,DKR,890102044,news44845,Sector,macroeconomia,1
61692,DKR,890102044,news97185,Sector,macroeconomia,2
5746,DKR,890102044,news15461,Sector,innovacion,3
5799,DKR,890102044,news15499,Sector,innovacion,4
7628,DKR,890102044,news17106,Sector,innovacion,5
72993,DKR,890102044,news99352,Sector,regulaciones,6
25359,DKR,891480000,news44845,Sector,macroeconomia,1
61693,DKR,891480000,news97185,Sector,macroeconomia,2
5747,DKR,891480000,news15461,Sector,innovacion,3
5800,DKR,891480000,news15499,Sector,innovacion,4
7629,DKR,891480000,news17106,Sector,innovacion,5
72994,DKR,891480000,news99352,Sector,regulaciones,6
72566,DKR,901295123,news99171,Sector,regulacion,1
13341,DKR,805027024,news25045,Sector,macroeconomia,1
63900,DKR,805027024,news97634,Sector,otras,2
52845,DKR,900029130,news96052,Sector,macroeconomia,1
52891,DKR,892300678,news96052,Sector,macroeconomia,1
63920,DKR,830507278,news97634,Sector,otras,1
52853,DKR,900255181,news96052,Sector,macroeconomia,1
13342,DKR,890100026,news25045,Sector,macroeconomia,1
63901,DKR,890100026,news97634,Sector,otras,2
52829,DKR,900061224,news96052,Sector,macroeconomia,1
52830,DKR,900522508,news96052,Sector,macroeconomia,1
52831,DKR,890303208,news96052,Sector,macroeconomia,1
52832,DKR,901556279,news96052,Sector,macroeconomia,1
52833,DKR,900155107,news96052,Sector,macroeconomia,1
52834,DKR,800106774,news96052,Sector,macroeconomia,1
52835,DKR,900480569,news96052,Sector,macroeconomia,1
52836,DKR,805028991,news96052,Sector,macroeconomia,1
52837,DKR,900273686,news96052,Sector,macroeconomia,1
52838,DKR,900319753,news96052,Sector,macroeconomia,1
52839,DKR,805028041,news96052,Sector,macroeconomia,1
52840,DKR,890900608,news96052,Sector,macroeconomia,1
52841,DKR,900203566,news96052,Sector,macroeconomia,1
52842,DKR,900383385,news96052,Sector,macroeconomia,1
52843,DKR,811045607,news96052,Sector,macroeconomia,1
52844,DKR,860502105,news96052,Sector,macroeconomia,1
52846,DKR,900642557,news96052,Sector,macroeconomia,1
52847,DKR,800037835,news96052,Sector,macroeconomia,1
52848,DKR,900059238,news96052,Sector,macroeconomia,1
52850,DKR,860001584,news96052,Sector,macroeconomia,1
52852,DKR,890914526,news96052,Sector,macroeconomia,1
52854,DKR,890900943,news96052,Sector,macroeconomia,1
52856,DKR,890107487,news96052,Sector,macroeconomia,1
63953,DKR,830002366,news97634,Sector,otras,1
63909,DKR,890200656,news97634,Sector,otras,1
52863,DKR,800015583,news96052,Sector,macroeconomia,1
52864,DKR,800242106,news96052,Sector,macroeconomia,1
52865,DKR,900023386,news96052,Sector,macroeconomia,1
52866,DKR,830093850,news96052,Sector,macroeconomia,1
52870,DKR,830087848,news96052,Sector,macroeconomia,1
52871,DKR,890201063,news96052,Sector,macroeconomia,1
52872,DKR,890306372,news96052,Sector,macroeconomia,1
52873,DKR,900061516,news96052,Sector,macroeconomia,1
52874,DKR,890001600,news96052,Sector,macroeconomia,1
64970,DKR,901311842,news97929,Sector,macroeconomia,1
64952,DKR,901311842,news97927,Sector,innovacion,2
65088,DKR,901311842,news97954,Sector,regulaciones,3
64971,DKR,860002523,news97929,Sector,macroeconomia,1
64953,DKR,860002523,news97927,Sector,innovacion,2
65089,DKR,860002523,news97954,Sector,regulaciones,3
64973,DKR,860009808,news97929,Sector,macroeconomia,1
64955,DKR,860009808,news97927,Sector,innovacion,2
65091,DKR,860009808,news97954,Sector,regulaciones,3
64974,DKR,900646912,news97929,Sector,macroeconomia,1
64956,DKR,900646912,news97927,Sector,innovacion,2
65092,DKR,900646912,news97954,Sector,regulaciones,3
64975,DKR,860002302,news97929,Sector,macroeconomia,1
64957,DKR,860002302,news97927,Sector,innovacion,2
65093,DKR,860002302,news97954,Sector,regulaciones,3
64977,DKR,890800148,news97929,Sector,macroeconomia,1
64959,DKR,890800148,news97927,Sector,innovacion,2
65095,DKR,890800148,news97954,Sector,regulaciones,3
64978,DKR,890209207,news97929,Sector,macroeconomia,1
64960,DKR,890209207,news97927,Sector,innovacion,2
65096,DKR,890209207,news97954,Sector,regulaciones,3
63926,DKR,860053831,news97634,Sector,otras,1
63923,DKR,860025900,news97634,Sector,otras,1
47272,DKR,900462511,news94710,Sector,regulaciones,1
47274,DKR,900462511,news94712,Sector,regulaciones,2
45457,DKR,900462511,news91129,Sector,regulacion,3
63922,DKR,860004922,news97634,Sector,otras,1
72487,DKR,900424464,news99094,Sector,innovacion,1
12433,DKR,900424464,news23741,Sector,innovacion,2
16368,DKR,900424464,news29941,Sector,regulaciones,3
63921,DKR,890904478,news97634,Sector,otras,1
52881,DKR,890901672,news96052,Sector,macroeconomia,1
52898,DKR,811037864,news96052,Sector,macroeconomia,1
64980,DKR,830027386,news97929,Sector,macroeconomia,1
64962,DKR,830027386,news97927,Sector,innovacion,2
65098,DKR,830027386,news97954,Sector,regulaciones,3
46587,DKR,890917465,news94302,Sector,macroeconomia,1
46604,DKR,890917465,news94304,Sector,macroeconomia,2
63962,DKR,890917465,news97634,Sector,otras,3
48797,DKR,890932572,news95365,Sector,regulaciones,1
52877,DKR,900868271,news96052,Sector,macroeconomia,1
26903,DKR,860000896,news47550,Sector,regulacion,1
39305,DKR,860000896,news73482,Sector,regulacion,2
46598,DKR,891300237,news94302,Sector,macroeconomia,1
63950,DKR,891300237,news97634,Sector,otras,2
52878,DKR,900123408,news96052,Sector,macroeconomia,1
72484,DKR,901495161,news99094,Sector,innovacion,1
72485,DKR,860000656,news99094,Sector,innovacion,1
24124,DKR,860000656,news41978,Sector,regulaciones,2
72491,DKR,901202687,news99094,Sector,innovacion,1
72493,DKR,901495209,news99094,Sector,innovacion,1
72494,DKR,860001986,news99094,Sector,innovacion,1
21264,DKR,860001986,news37192,Sector,innovacion,2
72564,DKR,901354715,news99171,Sector,regulacion,1
72567,DKR,901529110,news99171,Sector,regulacion,1
74623,DKR,800249313,news99932,Sector,regulaciones,1
64372,DKR,900203461,news97807,Sector,macroeconomia,1
64378,DKR,900203461,news97815,Sector,macroeconomia,2
33177,DKR,900203461,news58983,Sector,innovacion,3
36188,DKR,900203461,news65065,Sector,regulaciones,4
64375,DKR,900203461,news97808,Sector,regulaciones,5
64373,DKR,830043084,news97807,Sector,macroeconomia,1
64379,DKR,830043084,news97815,Sector,macroeconomia,2
33178,DKR,830043084,news58983,Sector,innovacion,3
36189,DKR,830043084,news65065,Sector,regulaciones,4
64376,DKR,830043084,news97808,Sector,regulaciones,5
64374,DKR,890204814,news97807,Sector,macroeconomia,1
64380,DKR,890204814,news97815,Sector,macroeconomia,2
33179,DKR,890204814,news58983,Sector,innovacion,3
64377,DKR,890204814,news97808,Sector,regulaciones,4
52897,DKR,900199922,news96052,Sector,macroeconomia,1
63958,DKR,800096040,news97634,Sector,otras,1
63959,DKR,890805267,news97634,Sector,otras,1
3500,DKR,900541359,news13835,Sector,macroeconomia,1
70675,DKR,900541359,news98818,Sector,innovacion,2
3501,DKR,860014923,news13835,Sector,macroeconomia,1
14679,DKR,860014923,news27399,Sector,macroeconomia,2
70669,DKR,860014923,news98818,Sector,innovacion,3
3503,DKR,890103197,news13835,Sector,macroeconomia,1
14680,DKR,890103197,news27399,Cliente,macroeconomia,2
70670,DKR,890103197,news98818,Sector,innovacion,3
63917,DKR,860006127,news97634,Sector,otras,1
47872,DKR,890300406,news94980,Sector,sostenibilidad,1
61409,DKR,900298372,news97110,Sector,macroeconomia,1
72981,DKR,900298372,news99352,Sector,regulaciones,2
27364,DKR,900298372,news48098,Sector,regulaciones,3
43339,DKR,890333023,news84890,Sector,macroeconomia,1
34314,DKR,890333023,news61222,Sector,sostenibilidad,2
47873,DKR,817006230,news94980,Sector,sostenibilidad,1
47874,DKR,890904224,news94980,Sector,sostenibilidad,1
47875,DKR,860026759,news94980,Sector,sostenibilidad,1
47876,DKR,800019437,news94980,Sector,sostenibilidad,1
47878,DKR,890925215,news94980,Sector,sostenibilidad,1
47879,DKR,890101676,news94980,Sector,sostenibilidad,1
64964,DKR,830036921,news97929,Sector,macroeconomia,1
64946,DKR,830036921,news97927,Sector,innovacion,2
65082,DKR,830036921,news97954,Sector,regulaciones,3
70671,DKR,890937233,news98818,Sector,innovacion,1
70672,DKR,860025674,news98818,Sector,innovacion,1
38990,DKR,860025674,news72600,Cliente,innovacion,2
32978,DKR,860025674,news58691,Sector,reputacion,3
35493,DKR,860025674,news63487,Cliente,reputacion,4
14641,DKR,900002583,news27324,Sector,macroeconomia,1
70674,DKR,900002583,news98818,Sector,innovacion,2
41068,DKR,900002583,news78199,Sector,innovacion,3
41071,DKR,900002583,news78203,Sector,innovacion,4
36568,DKR,900002583,news65917,Cliente,regulaciones,5
40741,DKR,900002583,news77170,Cliente,regulaciones,6
41061,DKR,900002583,news78174,Cliente,regulaciones,7
14642,DKR,900002583,news27329,Sector,otras,8
41056,DKR,900002583,news78162,Sector,otras,9
47881,DKR,900251415,news94980,Sector,sostenibilidad,1
45181,DKR,830055643,news90290,Sector,otras,1
47138,DKR,890801167,news94619,Sector,macroeconomia,1
64969,DKR,900208445,news97929,Sector,macroeconomia,1
64951,DKR,900208445,news97927,Sector,innovacion,2
65087,DKR,900208445,news97954,Sector,regulaciones,3
13344,DKR,900319372,news25045,Sector,macroeconomia,1
63903,DKR,900319372,news97634,Sector,otras,2
13343,DKR,801004045,news25045,Sector,macroeconomia,1
63902,DKR,801004045,news97634,Sector,otras,2
63928,DKR,890700058,news97634,Sector,otras,1
63929,DKR,830006735,news97634,Sector,otras,1
63932,DKR,860400008,news97634,Sector,otras,1
63935,DKR,800146425,news97634,Sector,otras,1
63936,DKR,891100445,news97634,Sector,otras,1
63940,DKR,890301690,news97634,Sector,otras,1
63954,DKR,860000258,news97634,Sector,otras,1
52861,DKR,900675169,news96052,Sector,macroeconomia,1
52862,DKR,800003644,news96052,Sector,macroeconomia,1
63912,DKR,860005264,news97634,Sector,otras,1
74619,DKR,830126302,news99932,Sector,regulaciones,1
34316,DKR,800240061,news61222,Sector,sostenibilidad,1
34317,DKR,890804199,news61222,Sector,sostenibilidad,1
34319,DKR,900216225,news61222,Sector,sostenibilidad,1
61407,DKR,900604350,news97110,Sector,macroeconomia,1
72976,DKR,900604350,news99352,Sector,regulaciones,2
61408,DKR,830003564,news97110,Sector,macroeconomia,1
72980,DKR,830003564,news99352,Sector,regulaciones,2
61410,DKR,900226715,news97110,Sector,macroeconomia,1
72987,DKR,900226715,news99352,Sector,regulaciones,2
61411,DKR,899999032,news97110,Sector,macroeconomia,1
72989,DKR,899999032,news99352,Sector,regulaciones,2
61412,DKR,901093846,news97110,Sector,macroeconomia,1
72992,DKR,901093846,news99352,Sector,regulaciones,2
63918,DKR,860401826,news97634,Sector,otras,1
63927,DKR,900083863,news97634,Sector,otras,1
46594,DKR,891300513,news94302,Sector,macroeconomia,1
63946,DKR,891300513,news97634,Sector,otras,2
46599,DKR,891300238,news94302,Sector,macroeconomia,1
63951,DKR,891300238,news97634,Sector,otras,2
46600,DKR,891401705,news94302,Sector,macroeconomia,1
63952,DKR,891401705,news97634,Sector,otras,2
52899,DKR,860001777,news96052,Sector,macroeconomia,1
63908,DKR,890102110,news97634,Sector,otras,1
63910,DKR,804017043,news97634,Sector,otras,1
63911,DKR,800012375,news97634,Sector,otras,1
63913,DKR,900292211,news97634,Sector,otras,1
63914,DKR,900015051,news97634,Sector,otras,1
63915,DKR,890211902,news97634,Sector,otras,1
13347,DKR,802011109,news25045,Sector,macroeconomia,1
63906,DKR,802011109,news97634,Sector,otras,2
47880,DKR,860015753,news94980,Sector,sostenibilidad,1
52895,DKR,860069284,news96052,Sector,macroeconomia,1
64965,DKR,890900118,news97929,Sector,macroeconomia,1
64947,DKR,890900118,news97927,Sector,innovacion,2
65083,DKR,890900118,news97954,Sector,regulaciones,3
28442,DKR,890903858,news50117,Sector,macroeconomia,1
47206,DKR,890903858,news94682,Sector,macroeconomia,2
47209,DKR,890903858,news94683,Sector,innovacion,3
24721,DKR,890903858,news43637,Sector,innovacion,4
13345,DKR,800198020,news25045,Sector,macroeconomia,1
63904,DKR,800198020,news97634,Sector,otras,2
47139,DKR,899999084,news94619,Sector,macroeconomia,1
48612,DKR,900326523,news95289,Sector,regulaciones,1
48617,DKR,890900652,news95289,Sector,regulaciones,1
48619,DKR,802019339,news95289,Sector,regulaciones,1
52879,DKR,900524988,news96052,Sector,macroeconomia,1
63941,DKR,890801094,news97634,Sector,otras,1
12118,DKR,900219120,news23101,Sector,regulaciones,1
52883,DKR,890903995,news96052,Sector,macroeconomia,1
63944,DKR,890301054,news97634,Sector,otras,1
52902,DKR,900641485,news96052,Sector,macroeconomia,1
64963,DKR,901495452,news97929,Sector,macroeconomia,1
64945,DKR,901495452,news97927,Sector,innovacion,2
65081,DKR,901495452,news97954,Sector,regulaciones,3
64966,DKR,860535706,news97929,Sector,macroeconomia,1
64948,DKR,860535706,news97927,Sector,innovacion,2
65084,DKR,860535706,news97954,Sector,regulaciones,3
52859,DKR,800055116,news96052,Sector,macroeconomia,1
52890,DKR,811005628,news96052,Sector,macroeconomia,1
13340,DKR,860020308,news25045,Sector,macroeconomia,1
46590,DKR,860020308,news94302,Sector,macroeconomia,2
46607,DKR,860020308,news94304,Sector,macroeconomia,3
63965,DKR,860020308,news97634,Sector,otras,4
13346,DKR,800072556,news25045,Sector,macroeconomia,1
63905,DKR,800072556,news97634,Sector,otras,2
46585,DKR,800208785,news94302,Sector,macroeconomia,1
46602,DKR,800208785,news94304,Sector,macroeconomia,2
63907,DKR,800208785,news97634,Sector,otras,3
63931,DKR,890300208,news97634,Sector,otras,1
63934,DKR,890205091,news97634,Sector,otras,1
63942,DKR,860000996,news97634,Sector,otras,1
63943,DKR,900298861,news97634,Sector,otras,1
63957,DKR,890800718,news97634,Sector,otras,1
46586,DKR,800221789,news94302,Sector,macroeconomia,1
46603,DKR,800221789,news94304,Sector,macroeconomia,2
63961,DKR,800221789,news97634,Sector,otras,3
46588,DKR,830095169,news94302,Sector,macroeconomia,1
46605,DKR,830095169,news94304,Sector,macroeconomia,2
63963,DKR,830095169,news97634,Sector,otras,3
63969,DKR,800221724,news97634,Sector,otras,1
63972,DKR,890103400,news97634,Sector,otras,1
63975,DKR,800149149,news97634,Sector,otras,1
63976,DKR,800164767,news97634,Sector,otras,1
63978,DKR,890901271,news97634,Sector,otras,1
52858,DKR,800208865,news96052,Sector,macroeconomia,1
64979,DKR,860002585,news97929,Sector,macroeconomia,1
64961,DKR,860002585,news97927,Sector,innovacion,2
65097,DKR,860002585,news97954,Sector,regulaciones,3
52892,DKR,890941663,news96052,Sector,macroeconomia,1
52893,DKR,901279219,news96052,Sector,macroeconomia,1
52857,DKR,800007955,news96052,Sector,macroeconomia,1
52889,DKR,800165720,news96052,Sector,macroeconomia,1
74621,DKR,830024043,news99932,Sector,regulaciones,1
52868,DKR,811028650,news96052,Sector,macroeconomia,1
52869,DKR,800216499,news96052,Sector,macroeconomia,1
47205,DKR,830081407,news94682,Sector,macroeconomia,1
47208,DKR,830081407,news94683,Sector,innovacion,2
52876,DKR,830037946,news96052,Sector,macroeconomia,1
52880,DKR,900342297,news96052,Sector,macroeconomia,1
52884,DKR,890921157,news96052,Sector,macroeconomia,1
52887,DKR,900197265,news96052,Sector,macroeconomia,1
52888,DKR,805004875,news96052,Sector,macroeconomia,1
52900,DKR,900047874,news96052,Sector,macroeconomia,1
52901,DKR,901012340,news96052,Sector,macroeconomia,1
52904,DKR,901303824,news96052,Sector,macroeconomia,1
